<?xml version = "1.0" encoding = "utf-8"?>
<!DOCTYPE hibernate-configuration SYSTEM
        "http://www.hibernate.org/dtd/hibernate-configuration-3.0.dtd">
<hibernate-configuration>
    <session-factory>
        <property name="hbm2ddl.auto">update</property>
        <property name="show_sql">true</property>
        <property name="connection.url">jdbc:postgresql://localhost:1997/carsdb</property>
        <property name="connection.username">postgres</property>
        <property name="connection.password">123</property>
        <property name="connection.driver_class">org.postgresql.Driver</property>
        <property name="dialect">org.hibernate.dialect.PostgreSQLDialect</property>

        <mapping resource="hibernate/car.hbm.xml"></mapping>
        <mapping resource="hibernate/model.hbm.xml"></mapping>
        <mapping resource="hibernate/person.hbm.xml"></mapping>
        <mapping resource="hibernate/number.hbm.xml"></mapping>
        <mapping resource="hibernate/order.hbm.xml"></mapping>
    </session-factory>
</hibernate-configuration>