<?xml version='1.0' encoding='UTF-8'?>
<!DOCTYPE hibernate-mapping SYSTEM
        "classpath://www.hibernate.org/dtd/hibernate-mapping-3.0.dtd">

<hibernate-mapping xmlns = "http://www.hibernate.org/xsd/hibernate-mapping">
    <class name="servletProject.entity.Model" table="model">
        <id name="id">
            <generator class="org.hibernate.id.enhanced.SequenceStyleGenerator">
                <param name="sequence">model_id_seq</param>
            </generator>
        </id>

        <property name="name_model"></property>
    </class>
</hibernate-mapping>
