<?xml version='1.0' encoding='UTF-8'?>
<!DOCTYPE hibernate-mapping SYSTEM
        "classpath://www.hibernate.org/dtd/hibernate-mapping-3.0.dtd">

<hibernate-mapping xmlns = "http://www.hibernate.org/xsd/hibernate-mapping">
    <class name="servletProject.entity.Person">
        <id name="id">
            <generator class="org.hibernate.id.enhanced.SequenceStyleGenerator">
                <param name="sequence">person_id_seq</param>
            </generator>
        </id>
        <property name="firstname"></property>
        <property name="lastname"></property>
        <property name="email"></property>
        <property name="password"></property>
        <property name="phoneNumber" column="phone_number"></property>
        <property name="account"></property>
        <property name="created_at"></property>
    </class>
</hibernate-mapping>